entity_id,state,last_changed
sensor.v1_sk_a_co2_avg_5m,376.0,2026-09-16T21:00:00.000Z
sensor.v1_sk_a_co2_avg_5m,373.75,2026-09-16T21:00:00.414Z
sensor.v1_sk_a_co2_avg_5m,376.5,2026-09-16T21:05:00.405Z
sensor.v1_sk_a_co2_avg_5m,377.833,2026-09-16T21:10:00.404Z
sensor.v1_sk_a_co2_avg_5m,377.125,2026-09-16T21:15:00.405Z
sensor.v1_sk_a_co2_avg_5m,378.25,2026-09-16T21:20:00.405Z
sensor.v1_sk_a_co2_avg_5m,379.667,2026-09-16T21:25:00.406Z
sensor.v1_sk_a_co2_avg_5m,378.125,2026-09-16T21:30:00.426Z
sensor.v1_sk_a_co2_avg_5m,378.0,2026-09-16T21:35:00.404Z
sensor.v1_sk_a_co2_avg_5m,379.375,2026-09-16T21:40:00.405Z
sensor.v1_sk_a_co2_avg_5m,380.375,2026-09-16T21:45:00.404Z
sensor.v1_sk_a_co2_avg_5m,376.875,2026-09-16T21:50:00.404Z
sensor.v1_sk_a_co2_avg_5m,379.5,2026-09-16T21:55:00.404Z
sensor.v1_sk_a_co2_avg_5m,378.5,2026-09-16T22:00:00.405Z
sensor.v1_sk_a_co2_avg_5m,382.25,2026-09-16T22:05:00.404Z
sensor.v1_sk_a_co2_avg_5m,381.625,2026-09-16T22:10:00.405Z
sensor.v1_sk_a_co2_avg_5m,384.0,2026-09-16T22:15:00.405Z
sensor.v1_sk_a_co2_avg_5m,386.5,2026-09-16T22:20:00.405Z
sensor.v1_sk_a_co2_avg_5m,382.0,2026-09-16T22:25:00.405Z
sensor.v1_sk_a_co2_avg_5m,384.167,2026-09-16T22:30:00.426Z
sensor.v1_sk_a_co2_avg_5m,385.5,2026-09-16T22:35:00.404Z
sensor.v1_sk_a_co2_avg_5m,386.0,2026-09-16T22:40:00.405Z
sensor.v1_sk_a_co2_avg_5m,386.5,2026-09-16T22:45:00.410Z
sensor.v1_sk_a_co2_avg_5m,383.5,2026-09-16T22:50:00.404Z
sensor.v1_sk_a_co2_avg_5m,384.5,2026-09-16T22:55:00.404Z
sensor.v1_sk_a_co2_avg_5m,391.671,2026-09-16T23:00:00.405Z
sensor.v1_sk_a_co2_avg_5m,394.377,2026-09-16T23:05:00.404Z
sensor.v1_sk_a_co2_avg_5m,395.873,2026-09-16T23:10:00.404Z
sensor.v1_sk_a_co2_avg_5m,390.877,2026-09-16T23:15:00.405Z
sensor.v1_sk_a_co2_avg_5m,391.672,2026-09-16T23:20:00.405Z
sensor.v1_sk_a_co2_avg_5m,389.34,2026-09-16T23:25:00.404Z
sensor.v1_sk_a_co2_avg_5m,388.875,2026-09-16T23:30:00.415Z
sensor.v1_sk_a_co2_avg_5m,405.877,2026-09-16T23:35:00.404Z
sensor.v1_sk_a_co2_avg_5m,421.499,2026-09-16T23:40:00.405Z
sensor.v1_sk_a_co2_avg_5m,427.333,2026-09-16T23:45:00.406Z
sensor.v1_sk_a_co2_avg_5m,429.25,2026-09-16T23:50:00.404Z
sensor.v1_sk_a_co2_avg_5m,433.25,2026-09-16T23:55:00.404Z
sensor.v1_sk_a_co2_avg_5m,451.375,2026-09-17T00:00:00.404Z
sensor.v1_sk_a_co2_avg_5m,451.0,2026-09-17T00:05:00.404Z
sensor.v1_sk_a_co2_avg_5m,472.75,2026-09-17T00:10:00.405Z
sensor.v1_sk_a_co2_avg_5m,505.999,2026-09-17T00:15:00.404Z
sensor.v1_sk_a_co2_avg_5m,527.375,2026-09-17T00:20:00.404Z
sensor.v1_sk_a_co2_avg_5m,565.752,2026-09-17T00:25:00.406Z
sensor.v1_sk_a_co2_avg_5m,581.625,2026-09-17T00:30:00.409Z
sensor.v1_sk_a_co2_avg_5m,602.875,2026-09-17T00:35:00.405Z
sensor.v1_sk_a_co2_avg_5m,646.011,2026-09-17T00:40:00.404Z
sensor.v1_sk_a_co2_avg_5m,672.75,2026-09-17T00:45:00.405Z
sensor.v1_sk_a_co2_avg_5m,677.875,2026-09-17T00:50:00.404Z
sensor.v1_sk_a_co2_avg_5m,689.667,2026-09-17T00:55:00.404Z
sensor.v1_sk_a_co2_avg_5m,702.0,2026-09-17T01:00:00.405Z
sensor.v1_sk_a_co2_avg_5m,708.5,2026-09-17T01:05:00.404Z
sensor.v1_sk_a_co2_avg_5m,719.25,2026-09-17T01:10:00.405Z
sensor.v1_sk_a_co2_avg_5m,726.5,2026-09-17T01:15:00.404Z
sensor.v1_sk_a_co2_avg_5m,726.375,2026-09-17T01:20:00.404Z
sensor.v1_sk_a_co2_avg_5m,726.0,2026-09-17T01:25:00.404Z
sensor.v1_sk_a_co2_avg_5m,734.0,2026-09-17T01:30:00.412Z
sensor.v1_sk_a_co2_avg_5m,721.75,2026-09-17T01:35:00.412Z
sensor.v1_sk_a_co2_avg_5m,723.0,2026-09-17T01:40:00.404Z
sensor.v1_sk_a_co2_avg_5m,728.625,2026-09-17T01:45:00.405Z
sensor.v1_sk_a_co2_avg_5m,733.333,2026-09-17T01:50:00.405Z
sensor.v1_sk_a_co2_avg_5m,737.167,2026-09-17T01:55:00.405Z
sensor.v1_sk_a_co2_avg_5m,736.875,2026-09-17T02:00:00.404Z
sensor.v1_sk_a_co2_avg_5m,744.5,2026-09-17T02:05:00.406Z
sensor.v1_sk_a_co2_avg_5m,747.625,2026-09-17T02:10:00.404Z
sensor.v1_sk_a_co2_avg_5m,747.75,2026-09-17T02:15:00.406Z
sensor.v1_sk_a_co2_avg_5m,753.75,2026-09-17T02:20:00.404Z
sensor.v1_sk_a_co2_avg_5m,761.25,2026-09-17T02:25:00.405Z
sensor.v1_sk_a_co2_avg_5m,760.0,2026-09-17T02:30:00.417Z
sensor.v1_sk_a_co2_avg_5m,762.5,2026-09-17T02:35:00.405Z
sensor.v1_sk_a_co2_avg_5m,774.125,2026-09-17T02:40:00.404Z
sensor.v1_sk_a_co2_avg_5m,784.333,2026-09-17T02:45:00.404Z
sensor.v1_sk_a_co2_avg_5m,789.875,2026-09-17T02:50:00.404Z
sensor.v1_sk_a_co2_avg_5m,788.875,2026-09-17T02:55:00.404Z
sensor.v1_sk_a_co2_avg_5m,790.125,2026-09-17T03:00:00.405Z
sensor.v1_sk_a_co2_avg_5m,796.0,2026-09-17T03:05:00.405Z
sensor.v1_sk_a_co2_avg_5m,794.833,2026-09-17T03:10:00.404Z
sensor.v1_sk_a_co2_avg_5m,792.667,2026-09-17T03:15:00.405Z
sensor.v1_sk_a_co2_avg_5m,796.75,2026-09-17T03:20:00.405Z
sensor.v1_sk_a_co2_avg_5m,798.667,2026-09-17T03:25:00.405Z
sensor.v1_sk_a_co2_avg_5m,809.999,2026-09-17T03:30:00.406Z
sensor.v1_sk_a_co2_avg_5m,811.834,2026-09-17T03:35:00.404Z
sensor.v1_sk_a_co2_avg_5m,820.0,2026-09-17T03:40:00.405Z
sensor.v1_sk_a_co2_avg_5m,824.833,2026-09-17T03:45:00.405Z
sensor.v1_sk_a_co2_avg_5m,828.625,2026-09-17T03:50:00.404Z
sensor.v1_sk_a_co2_avg_5m,829.5,2026-09-17T03:55:00.405Z
sensor.v1_sk_a_co2_avg_5m,826.625,2026-09-17T04:00:00.408Z
sensor.v1_sk_a_co2_avg_5m,826.25,2026-09-17T04:05:00.406Z
sensor.v1_sk_a_co2_avg_5m,824.749,2026-09-17T04:10:00.404Z
sensor.v1_sk_a_co2_avg_5m,826.75,2026-09-17T04:15:00.404Z
sensor.v1_sk_a_co2_avg_5m,827.749,2026-09-17T04:20:00.404Z
sensor.v1_sk_a_co2_avg_5m,821.0,2026-09-17T04:25:00.405Z
sensor.v1_sk_a_co2_avg_5m,824.0,2026-09-17T04:30:00.406Z
sensor.v1_sk_a_co2_avg_5m,821.874,2026-09-17T04:35:00.406Z
sensor.v1_sk_a_co2_avg_5m,809.5,2026-09-17T04:40:00.404Z
sensor.v1_sk_a_co2_avg_5m,810.833,2026-09-17T04:45:00.405Z
sensor.v1_sk_a_co2_avg_5m,813.75,2026-09-17T04:50:00.404Z
sensor.v1_sk_a_co2_avg_5m,822.623,2026-09-17T04:55:00.408Z
sensor.v1_sk_a_co2_avg_5m,838.002,2026-09-17T05:00:00.405Z
sensor.v1_sk_a_co2_avg_5m,839.249,2026-09-17T05:05:00.405Z
sensor.v1_sk_a_co2_avg_5m,840.0,2026-09-17T05:10:00.404Z
sensor.v1_sk_a_co2_avg_5m,842.5,2026-09-17T05:15:00.405Z
sensor.v1_sk_a_co2_avg_5m,838.124,2026-09-17T05:20:00.405Z
sensor.v1_sk_a_co2_avg_5m,848.875,2026-09-17T05:25:00.408Z
sensor.v1_sk_a_co2_avg_5m,846.002,2026-09-17T05:30:00.413Z
sensor.v1_sk_a_co2_avg_5m,842.501,2026-09-17T05:35:00.404Z
sensor.v1_sk_a_co2_avg_5m,842.999,2026-09-17T05:40:00.407Z
sensor.v1_sk_a_co2_avg_5m,838.125,2026-09-17T05:45:00.404Z
sensor.v1_sk_a_co2_avg_5m,834.751,2026-09-17T05:50:00.404Z
sensor.v1_sk_a_co2_avg_5m,831.834,2026-09-17T05:55:00.405Z
sensor.v1_sk_a_co2_avg_5m,839.999,2026-09-17T06:00:00.404Z
sensor.v1_sk_a_co2_avg_5m,840.624,2026-09-17T06:05:00.405Z
sensor.v1_sk_a_co2_avg_5m,838.666,2026-09-17T06:10:00.404Z
sensor.v1_sk_a_co2_avg_5m,844.876,2026-09-17T06:15:00.404Z
sensor.v1_sk_a_co2_avg_5m,840.5,2026-09-17T06:20:00.404Z
sensor.v1_sk_a_co2_avg_5m,839.0,2026-09-17T06:25:00.404Z
sensor.v1_sk_a_co2_avg_5m,847.166,2026-09-17T06:30:00.415Z
sensor.v1_sk_a_co2_avg_5m,848.0,2026-09-17T06:35:00.405Z
sensor.v1_sk_a_co2_avg_5m,849.999,2026-09-17T06:40:00.404Z
sensor.v1_sk_a_co2_avg_5m,826.75,2026-09-17T06:45:00.419Z
sensor.v1_sk_a_co2_avg_5m,816.5,2026-09-17T06:50:00.404Z
sensor.v1_sk_a_co2_avg_5m,797.125,2026-09-17T06:55:00.405Z
sensor.v1_sk_a_co2_avg_5m,781.625,2026-09-17T07:00:00.404Z
sensor.v1_sk_a_co2_avg_5m,753.626,2026-09-17T07:05:00.404Z
sensor.v1_sk_a_co2_avg_5m,722.75,2026-09-17T07:10:00.405Z
sensor.v1_sk_a_co2_avg_5m,713.875,2026-09-17T07:15:00.405Z
sensor.v1_sk_a_co2_avg_5m,706.5,2026-09-17T07:20:00.405Z
sensor.v1_sk_a_co2_avg_5m,697.0,2026-09-17T07:25:00.405Z
sensor.v1_sk_a_co2_avg_5m,701.75,2026-09-17T07:30:00.413Z
sensor.v1_sk_a_co2_avg_5m,709.5,2026-09-17T07:35:00.404Z
sensor.v1_sk_a_co2_avg_5m,718.625,2026-09-17T07:40:00.405Z
sensor.v1_sk_a_co2_avg_5m,730.75,2026-09-17T07:45:00.407Z
sensor.v1_sk_a_co2_avg_5m,737.375,2026-09-17T07:50:00.405Z
sensor.v1_sk_a_co2_avg_5m,746.5,2026-09-17T07:55:00.405Z
sensor.v1_sk_a_co2_avg_5m,755.5,2026-09-17T08:00:00.405Z
sensor.v1_sk_a_co2_avg_5m,760.125,2026-09-17T08:05:00.408Z
sensor.v1_sk_a_co2_avg_5m,763.875,2026-09-17T08:10:00.405Z
sensor.v1_sk_a_co2_avg_5m,770.25,2026-09-17T08:15:00.404Z
sensor.v1_sk_a_co2_avg_5m,771.5,2026-09-17T08:20:00.404Z
sensor.v1_sk_a_co2_avg_5m,774.5,2026-09-17T08:25:00.405Z
sensor.v1_sk_a_co2_avg_5m,775.0,2026-09-17T08:30:00.424Z
sensor.v1_sk_a_co2_avg_5m,781.75,2026-09-17T08:35:00.405Z
sensor.v1_sk_a_co2_avg_5m,792.333,2026-09-17T08:40:00.415Z
sensor.v1_sk_a_co2_avg_5m,806.25,2026-09-17T08:45:00.405Z
sensor.v1_sk_a_co2_avg_5m,815.375,2026-09-17T08:50:00.420Z
sensor.v1_sk_a_co2_avg_5m,829.0,2026-09-17T08:55:00.405Z
sensor.v1_sk_a_co2_avg_5m,830.5,2026-09-17T09:00:00.407Z
sensor.v1_sk_a_co2_avg_5m,834.0,2026-09-17T09:05:00.405Z
sensor.v1_sk_a_co2_avg_5m,837.75,2026-09-17T09:10:00.405Z
sensor.v1_sk_a_co2_avg_5m,803.667,2026-09-17T09:15:00.404Z
sensor.v1_sk_a_co2_avg_5m,562.5,2026-09-17T09:20:00.413Z
sensor.v1_sk_a_co2_avg_5m,505.75,2026-09-17T09:25:00.405Z
sensor.v1_sk_a_co2_avg_5m,554.499,2026-09-17T09:30:00.411Z
sensor.v1_sk_a_co2_avg_5m,588.5,2026-09-17T09:35:00.407Z
sensor.v1_sk_a_co2_avg_5m,596.875,2026-09-17T09:40:00.405Z
sensor.v1_sk_a_co2_avg_5m,579.861,2026-09-17T09:45:00.404Z
sensor.v1_sk_a_co2_avg_5m,567.125,2026-09-17T09:50:00.407Z
sensor.v1_sk_a_co2_avg_5m,568.875,2026-09-17T09:55:00.406Z
sensor.v1_sk_a_co2_avg_5m,549.749,2026-09-17T10:00:00.408Z
sensor.v1_sk_a_co2_avg_5m,508.125,2026-09-17T10:05:00.405Z
sensor.v1_sk_a_co2_avg_5m,484.833,2026-09-17T10:10:00.407Z
sensor.v1_sk_a_co2_avg_5m,488.502,2026-09-17T10:15:00.405Z
sensor.v1_sk_a_co2_avg_5m,499.25,2026-09-17T10:20:00.404Z
sensor.v1_sk_a_co2_avg_5m,493.375,2026-09-17T10:25:00.406Z
sensor.v1_sk_a_co2_avg_5m,487.333,2026-09-17T10:30:00.409Z
sensor.v1_sk_a_co2_avg_5m,459.5,2026-09-17T10:35:00.404Z
sensor.v1_sk_a_co2_avg_5m,448.375,2026-09-17T10:40:00.405Z
sensor.v1_sk_a_co2_avg_5m,443.167,2026-09-17T10:45:00.406Z
sensor.v1_sk_a_co2_avg_5m,440.0,2026-09-17T10:50:00.406Z
sensor.v1_sk_a_co2_avg_5m,440.875,2026-09-17T10:55:00.405Z
sensor.v1_sk_a_co2_avg_5m,435.0,2026-09-17T11:00:00.405Z
sensor.v1_sk_a_co2_avg_5m,431.667,2026-09-17T11:05:00.404Z
sensor.v1_sk_a_co2_avg_5m,428.75,2026-09-17T11:10:00.404Z
sensor.v1_sk_a_co2_avg_5m,421.75,2026-09-17T11:15:00.404Z
sensor.v1_sk_a_co2_avg_5m,420.625,2026-09-17T11:20:00.405Z
sensor.v1_sk_a_co2_avg_5m,419.875,2026-09-17T11:25:00.404Z
sensor.v1_sk_a_co2_avg_5m,418.875,2026-09-17T11:30:00.413Z
sensor.v1_sk_a_co2_avg_5m,414.833,2026-09-17T11:35:00.405Z
sensor.v1_sk_a_co2_avg_5m,413.5,2026-09-17T11:40:00.405Z
sensor.v1_sk_a_co2_avg_5m,411.5,2026-09-17T11:45:00.405Z
sensor.v1_sk_a_co2_avg_5m,414.625,2026-09-17T11:50:00.406Z
sensor.v1_sk_a_co2_avg_5m,418.75,2026-09-17T11:55:00.405Z
sensor.v1_sk_a_co2_avg_5m,414.0,2026-09-17T12:00:00.407Z
sensor.v1_sk_a_co2_avg_5m,418.0,2026-09-17T12:05:00.404Z
sensor.v1_sk_a_co2_avg_5m,415.0,2026-09-17T12:10:00.407Z
sensor.v1_sk_a_co2_avg_5m,409.375,2026-09-17T12:15:00.404Z
sensor.v1_sk_a_co2_avg_5m,406.0,2026-09-17T12:20:00.405Z
sensor.v1_sk_a_co2_avg_5m,401.0,2026-09-17T12:25:00.419Z
sensor.v1_sk_a_co2_avg_5m,397.25,2026-09-17T12:30:00.423Z
sensor.v1_sk_a_co2_avg_5m,395.5,2026-09-17T12:35:00.406Z
sensor.v1_sk_a_co2_avg_5m,393.833,2026-09-17T12:40:00.405Z
sensor.v1_sk_a_co2_avg_5m,395.625,2026-09-17T12:45:00.405Z
sensor.v1_sk_a_co2_avg_5m,406.499,2026-09-17T12:50:00.405Z
sensor.v1_sk_a_co2_avg_5m,402.5,2026-09-17T12:55:00.405Z
